"mirna_index","U","A","C","G","G_adar","U_snp","A_snp","C_snp","G_snp"
"-7","0","12","0","0","0","0","0","0","0"
"-6","0","6","27","6","6","0","0","0","0"
"-5","0","33","9","59","0","0","0","0","0"
"-4","175","511","543","35","0","0","0","0","0"
"-3","528","122","417","1162","0","0","0","0","0"
"-2","2416","4618","2192","2018","42","0","0","0","0"
"-1","4433","6169","6198","1414","0","0","0","0","0"
"5p end","21756","4855","6690","853","161","0","0","0","0"
"1","4714","6533","2470","13226","183","0","0","0","0"
"2","2380","4587","10773","3482","2910","0","12","0","0"
"3","3441","2770","817","1678","251","0","0","0","0"
"4","507","657","273","313","12","0","0","6","0"
"5","217","23","29","400","0","0","0","0","0"
"6","0","0","0","0","0","0","0","0","0"
"7","0","0","0","0","0","0","0","0","0"
"8","0","0","0","0","0","0","0","0","0"
"9","0","0","0","0","0","0","0","0","0"
"10","0","0","0","0","0","0","0","0","0"
"11","0","0","0","0","0","0","0","0","0"
"12","0","0","0","0","0","0","0","0","0"
"13","0","0","0","0","0","0","0","0","0"
"14","0","0","0","0","0","0","0","0","0"
"15","0","0","0","0","0","0","0","0","0"
"16","0","0","0","0","0","0","0","0","0"
"17","0","0","0","0","0","0","0","0","0"
"18","5185","3470","1700","2375","45","0","0","0","0"
"19","23945","21715","18197","3403","1884","0","0","0","0"
"20","45530","48145","3163","29129","554","0","0","0","0"
"21","94550","103061","6082","20243","11","0","0","0","0"
"3p end","160170","255007","10375","10063","927","0","0","0","0"
"+1","161118","634291","6719","19784","3708","0","0","0","0"
"+2","151215","309206","9834","23189","1155","0","0","0","0"
"+3","30224","64815","1426","16828","930","0","0","0","0"
"+4","9922","13940","1844","1123","0","0","0","0","0"
"+5","1150","6069","448","300","0","0","0","0","0"
"+6","220","141","10","17","0","0","0","0","0"
